{
    "position": [
        0.056188,
        -0.004526,
        0.205041
    ],
    "quaternion": [
        0.023316704615655992,
        0.702413161506742,
        -0.03357141803843949,
        0.7105948506138066
    ]
}